{
    "playlist": [
        {
            "id": 1,
            "name_playlist": "Sóng Gió",
            "list_song": [
                "Sóng Gió",
                "Sóng Gió"
            ]
        },
        {
            "id": 2,
            "name_playlist": "Có tất cả nhưng thiếu anh",
            "list_song": [
                "Sóng Gió",
                "Sóng Gió"
            ]
        },
        {
            "id": 3,
            "name_playlist": "Người Ấy",
            "list_song": [
                "Sóng Gió",
                "Sóng Gió"
            ]
        },
        {
            "id": 4,
            "name_playlist": "Anh Thương Em",
            "list_song": [
                "Sóng Gió",
                "Sóng Gió"
            ]
        },
        {
            "id": 5,
            "name_playlist": "Anh Thương Em",
            "list_song": [
                "Sóng Gió",
                "Sóng Gió"
            ]
        },
        {
            "id": 6,
            "name_playlist": "Anh Thương Em",
            "list_song": [
                "Sóng Gió",
                "Sóng Gió"
            ]
        },
        {
            "id": 7,
            "name_playlist": "Anh Thương Em",
            "list_song": [
                "Sóng Gió",
                "Sóng Gió"
            ]
        },
        {
            "id": 8,
            "name_playlist": "Anh Thương Em",
            "list_song": [
                "Sóng Gió",
                "Sóng Gió"
            ]
        }
    ]
}