{
    "songs": [
        {
            "id": 1,
            "name_song": "Sóng Gió",
            "name_artist": " Jack ft K-ICM",
            "description" : " abc",
            "label" : "abc",
            "fileMp3": "123.mp3",
            "avatar": "https://avatar-nct.nixcdn.com/mv/2019/07/12/4/a/7/4/1562899518253_640.jpg"
        },
        {
            "id": 2,
            "name_song": "Sóng Gió",
            "name_artist": " Jack ft K-ICM",
            "description" : " abc",
            "label" : "abc",
            "fileMp3": "123.mp3",
            "avatar": "https://avatar-nct.nixcdn.com/mv/2019/07/12/4/a/7/4/1562899518253_640.jpg"
        },
        {
            "id": 3,
            "name_song": "Sóng Gió",
            "name_artist": " Jack ft K-ICM",
            "description" : " abc",
            "label" : "abc",
            "fileMp3": "123.mp3",
            "avatar": "https://avatar-nct.nixcdn.com/mv/2019/07/12/4/a/7/4/1562899518253_640.jpg"
        },
        {
            "id": 4,
            "name_song": "Sóng Gió",
            "name_artist": " Jack ft K-ICM",
            "description" : " abc",
            "label" : "abc",
            "fileMp3": "123.mp3",
            "avatar": "https://avatar-nct.nixcdn.com/mv/2019/07/12/4/a/7/4/1562899518253_640.jpg"
        }
    ]
}